{
  "citation": "@InProceedings{bojar-EtAl:2014:W14-33,\n  author    = {Bojar, Ondrej  and  Buck, Christian  and  Federmann, Christian  and  Haddow, Barry  and  Koehn, Philipp  and  Leveling, Johannes  and  Monz, Christof  and  Pecina, Pavel  and  Post, Matt  and  Saint-Amand, Herve  and  Soricut, Radu  and  Specia, Lucia  and  Tamchyna, Ale\u000b{s}},\n  title     = {Findings of the 2014 Workshop on Statistical Machine Translation},\n  booktitle = {Proceedings of the Ninth Workshop on Statistical Machine Translation},\n  month     = {June},\n  year      = {2014},\n  address   = {Baltimore, Maryland, USA},\n  publisher = {Association for Computational Linguistics},\n  pages     = {12--58},\n  url       = {http://www.aclweb.org/anthology/W/W14/W14-3302}\n}",
  "description": "Translation dataset based on the data from statmt.org.\n\nVersions exist for different years using a combination of data\nsources. The base `wmt` allows you to create a custom dataset by choosing\nyour own data/language pair. This can be done as follows:\n\n```python\nfrom datasets import inspect_dataset, load_dataset_builder\n\ninspect_dataset(\"wmt14\", \"path/to/scripts\")\nbuilder = load_dataset_builder(\n    \"path/to/scripts/wmt_utils.py\",\n    language_pair=(\"fr\", \"de\"),\n    subsets={\n        datasets.Split.TRAIN: [\"commoncrawl_frde\"],\n        datasets.Split.VALIDATION: [\"euelections_dev2019\"],\n    },\n)\n\n# Standard version\nbuilder.download_and_prepare()\nds = builder.as_dataset()\n\n# Streamable version\nds = builder.as_streaming_dataset()\n```",
  "features": {
    "translation": {
      "en": {
        "feature": {
          "dtype": "string",
          "_type": "Value"
        },
        "_type": "Sequence"
      },
      "fr": {
        "feature": {
          "dtype": "string",
          "_type": "Value"
        },
        "_type": "Sequence"
      }
    }
  },
  "homepage": "http://www.statmt.org/wmt14/translation-task.html",
  "license": ""
}